"relation_id","source_term_id","source_term","target_term_id","target_term","relation_type","confidence","evidence_ids_json","evidence","generation_methods_json","run_id","is_valid_relation","correct_relation_type","gold_relation_type","false_positive_type","notes"
"relation_04627d6eb77a6477146f","term_d3e9231fa5288ba36887","Long-term unemployment rate by sex","term_6273fd9149de8fb6704b","Long-term unemployment rates by sex","related_to","0.961893","[""occ_0fbb8efc6aa16476ff76"", ""occ_2a0fd9c58eb983f3d0e9"", ""occ_c82d920ac0882b08217e""]","{""domain_signal"": ""same_domain"", ""embedding_similarity"": 0.996577, ""source_domain"": ""labour market"", ""target_domain"": ""labour market"", ""token_jaccard"": 0.666667}","[""embedding_similarity"", ""domains""]","run_bc54c855edc0db4b8914","true","false","variant_of","","Valid relationship, but the proposed type should be variant_of."
"relation_a4f7fca112a2a6cacc79","term_aa9dcb3b1b5e3cb0f0d6","Gross value added - NACE Rev. 2: F - current prices","term_7f231a9b7cbedf86f343","Gross value added - NACE Rev. 2: L - current prices","related_to","0.951567","[""occ_b1117268c547fdb1d746"", ""occ_e20f0480fcbf2465054c""]","{""domain_signal"": ""same_domain"", ""embedding_similarity"": 0.987973, ""source_domain"": ""economy and finance"", ""target_domain"": ""economy and finance"", ""token_jaccard"": 0.8}","[""embedding_similarity"", ""domains""]","run_bc54c855edc0db4b8914","true","true","related_to","","Valid and correctly typed under the review criteria."
"relation_c20be4647a5ca89b4568","term_8cddf207ccad91a60de9","Gross value added - NACE Rev. 2: C - current prices","term_aa9dcb3b1b5e3cb0f0d6","Gross value added - NACE Rev. 2: F - current prices","related_to","0.948778","[""occ_b1117268c547fdb1d746"", ""occ_d9af56e7807b701289d1""]","{""domain_signal"": ""same_domain"", ""embedding_similarity"": 0.985648, ""source_domain"": ""economy and finance"", ""target_domain"": ""economy and finance"", ""token_jaccard"": 0.8}","[""embedding_similarity"", ""domains""]","run_bc54c855edc0db4b8914","true","true","related_to","","Valid and correctly typed under the review criteria."
"relation_53d7906621c03accc2f0","term_aa9dcb3b1b5e3cb0f0d6","Gross value added - NACE Rev. 2: F - current prices","term_120e767f33d49114efb9","Gross value added - NACE Rev. 2: J - current prices","related_to","0.948052","[""occ_b1117268c547fdb1d746"", ""occ_f900942e94cef6d0f0fb""]","{""domain_signal"": ""same_domain"", ""embedding_similarity"": 0.985044, ""source_domain"": ""economy and finance"", ""target_domain"": ""economy and finance"", ""token_jaccard"": 0.8}","[""embedding_similarity"", ""domains""]","run_bc54c855edc0db4b8914","true","true","related_to","","Valid and correctly typed under the review criteria."
"relation_f086906490768f229b5d","term_aa9dcb3b1b5e3cb0f0d6","Gross value added - NACE Rev. 2: F - current prices","term_6b43fbddf11cc0d86ec7","Gross value added - NACE Rev. 2: M_N - current prices","related_to","0.948031","[""occ_b1117268c547fdb1d746"", ""occ_d206a9b91c5018cccb87""]","{""domain_signal"": ""same_domain"", ""embedding_similarity"": 0.985026, ""source_domain"": ""economy and finance"", ""target_domain"": ""economy and finance"", ""token_jaccard"": 0.727273}","[""embedding_similarity"", ""domains""]","run_bc54c855edc0db4b8914","true","true","related_to","","Valid and correctly typed under the review criteria."
"relation_da89c1906446f572afd0","term_9a6b6617fb90a759d2c1","Pupils aged 3 years old, by sex - as % of the population of the corresponding age group","term_15bfeaad968154afb48f","Pupils under the age of 3 by sex - as % of the population of the corresponding age","related_to","0.947602","[""occ_2cf706e76baba38cb61a"", ""occ_69bb3866adb028db3433""]","{""domain_signal"": ""same_domain"", ""embedding_similarity"": 0.984668, ""source_domain"": ""education"", ""target_domain"": ""education"", ""token_jaccard"": 0.583333}","[""embedding_similarity"", ""domains""]","run_bc54c855edc0db4b8914","true","true","related_to","","Valid and correctly typed under the review criteria."
"relation_f93f46df36b8f0bf8d01","term_120e767f33d49114efb9","Gross value added - NACE Rev. 2: J - current prices","term_7f231a9b7cbedf86f343","Gross value added - NACE Rev. 2: L - current prices","related_to","0.946853","[""occ_e20f0480fcbf2465054c"", ""occ_f900942e94cef6d0f0fb""]","{""domain_signal"": ""same_domain"", ""embedding_similarity"": 0.984044, ""source_domain"": ""economy and finance"", ""target_domain"": ""economy and finance"", ""token_jaccard"": 0.8}","[""embedding_similarity"", ""domains""]","run_bc54c855edc0db4b8914","true","true","related_to","","Valid and correctly typed under the review criteria."
"relation_eadeb99266efd89188b5","term_120e767f33d49114efb9","Gross value added - NACE Rev. 2: J - current prices","term_6b43fbddf11cc0d86ec7","Gross value added - NACE Rev. 2: M_N - current prices","related_to","0.946124","[""occ_d206a9b91c5018cccb87"", ""occ_f900942e94cef6d0f0fb""]","{""domain_signal"": ""same_domain"", ""embedding_similarity"": 0.983436, ""source_domain"": ""economy and finance"", ""target_domain"": ""economy and finance"", ""token_jaccard"": 0.727273}","[""embedding_similarity"", ""domains""]","run_bc54c855edc0db4b8914","true","true","related_to","","Valid and correctly typed under the review criteria."
"relation_8568a55c32d336694309","term_8cddf207ccad91a60de9","Gross value added - NACE Rev. 2: C - current prices","term_120e767f33d49114efb9","Gross value added - NACE Rev. 2: J - current prices","related_to","0.945450","[""occ_d9af56e7807b701289d1"", ""occ_f900942e94cef6d0f0fb""]","{""domain_signal"": ""same_domain"", ""embedding_similarity"": 0.982875, ""source_domain"": ""economy and finance"", ""target_domain"": ""economy and finance"", ""token_jaccard"": 0.8}","[""embedding_similarity"", ""domains""]","run_bc54c855edc0db4b8914","true","true","related_to","","Valid and correctly typed under the review criteria."
"relation_181c760ea9de48574028","term_7f231a9b7cbedf86f343","Gross value added - NACE Rev. 2: L - current prices","term_6b43fbddf11cc0d86ec7","Gross value added - NACE Rev. 2: M_N - current prices","related_to","0.945322","[""occ_d206a9b91c5018cccb87"", ""occ_e20f0480fcbf2465054c""]","{""domain_signal"": ""same_domain"", ""embedding_similarity"": 0.982769, ""source_domain"": ""economy and finance"", ""target_domain"": ""economy and finance"", ""token_jaccard"": 0.727273}","[""embedding_similarity"", ""domains""]","run_bc54c855edc0db4b8914","true","true","related_to","","Valid and correctly typed under the review criteria."
"relation_0289221293c623b9c5d9","term_de1275695e85a9ad231b","Gross value added - NACE Rev. 2: - volumes","term_284c77bb50fa6394ff34","Gross value added - NACE Rev. 2: A - volumes","variant_of","0.910000","[""occ_2152786c1a52ad99f16c"", ""occ_ace1b263291f020a0e8b""]","{""domain_signal"": ""same_domain"", ""embedding_similarity"": 0.98934, ""source_domain"": ""economy and finance"", ""target_domain"": ""economy and finance"", ""token_jaccard"": 1.0}","[""title_family"", ""lexical_variant""]","run_bc54c855edc0db4b8914","true","false","broader_than","","Valid relationship, but the proposed type should be broader_than."
"relation_55b08b304469ec1c7d4b","term_523720a52ca07c570e36","Gross value added - NACE Rev. 2: - current prices","term_1b36ae99c8e59f36e985","Gross value added - NACE Rev. 2: A - current prices","variant_of","0.910000","[""occ_c41bece5472e93e5d1a3"", ""occ_d69e2d77dd94b588d592""]","{""domain_signal"": ""same_domain"", ""embedding_similarity"": 0.994237, ""source_domain"": ""economy and finance"", ""target_domain"": ""economy and finance"", ""token_jaccard"": 1.0}","[""title_family"", ""lexical_variant""]","run_bc54c855edc0db4b8914","true","false","broader_than","","Valid relationship, but the proposed type should be broader_than."
"relation_be2428b38bb3a635452f","term_8480764cf559c214bf16","freight and passengers","term_ef11457c4f85894a4603","passengers and freight","variant_of","0.910000","[""occ_22f4235bec52491b0a08"", ""occ_f3c3ae9a00bce878932c""]","{""domain_signal"": ""same_domain"", ""embedding_similarity"": 0.993413, ""source_domain"": ""transport"", ""target_domain"": ""transport"", ""token_jaccard"": 1.0}","[""title_family"", ""lexical_variant""]","run_bc54c855edc0db4b8914","true","true","variant_of","","Valid and correctly typed under the review criteria."
"relation_cc12888ab475244c626a","term_9d63af292c8afa0b17e8","In work at-risk-of-poverty rate","term_f8b8d4685a58c4e867cb","In-work at-risk-of-poverty rate","variant_of","0.910000","[""occ_a728dbd9ce9162ec910a"", ""occ_cd85dc80bf8e76eae602""]","{""domain_signal"": ""same_domain"", ""embedding_similarity"": 0.983269, ""source_domain"": ""social conditions and equality"", ""target_domain"": ""social conditions and equality"", ""token_jaccard"": 1.0}","[""title_family"", ""lexical_variant""]","run_bc54c855edc0db4b8914","true","true","variant_of","","Valid and correctly typed under the review criteria."
"relation_d0121d3e9f094ca7d903","term_94e77e8b85501a114a30","Persons killed in road accidents","term_5345018b2ad8db26589d","Road accidents: persons killed","variant_of","0.910000","[""occ_aff18f04d0954e84495e"", ""occ_d3d2d8f8509939c134a5""]","{""domain_signal"": ""same_domain"", ""embedding_similarity"": 0.974531, ""source_domain"": ""transport"", ""target_domain"": ""transport"", ""token_jaccard"": 1.0}","[""title_family"", ""lexical_variant""]","run_bc54c855edc0db4b8914","true","true","variant_of","","Valid and correctly typed under the review criteria."
"relation_46c687ccc49071f44fc6","term_9560cd093859db0ca542","Number of enterprises carrying out cross trade by reasons for cross trade and employment size class","term_abd74cab62a22713b235","Number of enterprises carrying out cross trade by type of cross trade and employment size class","related_to","0.890874","[""occ_466dd36d85b278268863"", ""occ_d0f911b58ad096319629""]","{""domain_signal"": ""domain_weak_or_cross"", ""embedding_similarity"": 0.979061, ""source_domain"": ""cross-domain or other"", ""target_domain"": ""cross-domain or other"", ""token_jaccard"": 0.818182}","[""embedding_similarity"", ""domains""]","run_bc54c855edc0db4b8914","true","true","related_to","","Valid and correctly typed under the review criteria."
"relation_28ac72e69a6a7a1d8986","term_577773e63569009ae3c1","Ever-partnered women who have experienced violence by an intimate partner and consequences of violence","term_929499be90930e48c639","Ever-partnered women who have experienced violence by an intimate partner, by type of violence","related_to","0.882715","[""occ_5c50dd86a6093c780012"", ""occ_9a68e3901df57bb7be49""]","{""domain_signal"": ""domain_weak_or_cross"", ""embedding_similarity"": 0.972262, ""source_domain"": ""cross-domain or other"", ""target_domain"": ""cross-domain or other"", ""token_jaccard"": 0.818182}","[""embedding_similarity"", ""domains""]","run_bc54c855edc0db4b8914","true","true","related_to","","Valid and correctly typed under the review criteria."
"relation_025659de11ddbd7942be","term_10d84d61e63c4c25a8ea","Direct investment liabilities (flows)","term_6c28e669b8ae9b75d28b","Direct investment liabilities (flows) - annual data, % of GDP","broader_than","0.880000","[""occ_6c658cb3be62be6a4835"", ""occ_78bbfe1602a1cdc091f9""]","{""domain_signal"": ""same_domain"", ""embedding_similarity"": 0.874978, ""qualifier_tokens"": [""annual"", ""data"", ""gdp""], ""source_domain"": ""economy and finance"", ""target_domain"": ""economy and finance"", ""token_jaccard"": 0.571429}","[""lexical_containment"", ""qualifier_patterns""]","run_bc54c855edc0db4b8914","true","true","broader_than","","Valid and correctly typed under the review criteria."
"relation_096b0df61a54b1fd3ae8","term_5df1b1944da61d2a51da","At-risk-of poverty rate","term_edcdfadf6f72b56a613d","Persistent at-risk-of poverty rate by sex - EU-SILC survey","broader_than","0.880000","[""occ_58d51a46488615c8f39a"", ""occ_7ec27fadebbd5ef4d650""]","{""domain_signal"": ""same_domain"", ""embedding_similarity"": 0.793299, ""qualifier_tokens"": [""eu"", ""persistent"", ""sex"", ""silc"", ""survey""], ""source_domain"": ""social conditions and equality"", ""target_domain"": ""social conditions and equality"", ""token_jaccard"": 0.444444}","[""lexical_containment"", ""qualifier_patterns""]","run_bc54c855edc0db4b8914","true","true","broader_than","","Valid and correctly typed under the review criteria."
"relation_096f6496f25dbf0badad","term_21039a3f0a05370d762f","People at risk of poverty or social exclusion","term_645f9acb5239d112b13e","People at risk of poverty or social exclusion by sex","broader_than","0.880000","[""occ_085d95e39c0b49d94656"", ""occ_d85f32e880759479eb7d""]","{""domain_signal"": ""same_domain"", ""embedding_similarity"": 0.940599, ""qualifier_tokens"": [""sex""], ""source_domain"": ""social conditions and equality"", ""target_domain"": ""social conditions and equality"", ""token_jaccard"": 0.875}","[""lexical_containment"", ""qualifier_patterns""]","run_bc54c855edc0db4b8914","true","true","broader_than","","Valid and correctly typed under the review criteria."
"relation_0f89d944de4da7e09964","term_93fc17aa9b69df511486","Unemployment by sex - age group 25-74","term_a8ad46b0a7ab4a8761a8","Unemployment rate by sex - age group 25-74","broader_than","0.880000","[""occ_3042694e0caba6d1b7cf"", ""occ_51f045acb6bbd3831d1b""]","{""domain_signal"": ""same_domain"", ""embedding_similarity"": 0.983572, ""qualifier_tokens"": [""rate""], ""source_domain"": ""labour market"", ""target_domain"": ""labour market"", ""token_jaccard"": 0.857143}","[""lexical_containment"", ""qualifier_patterns""]","run_bc54c855edc0db4b8914","true","false","related_to","","Valid relationship, but the proposed type should be related_to."
"relation_0fb0eb7baa8c060f246a","term_5df1b1944da61d2a51da","At-risk-of poverty rate","term_749d1a6aace9f2d46f35","Persistent at-risk-of poverty rate by age group","broader_than","0.880000","[""occ_7ec27fadebbd5ef4d650"", ""occ_7f70712fce35c7aa215a""]","{""domain_signal"": ""same_domain"", ""embedding_similarity"": 0.854012, ""qualifier_tokens"": [""age"", ""group"", ""persistent""], ""source_domain"": ""social conditions and equality"", ""target_domain"": ""social conditions and equality"", ""token_jaccard"": 0.571429}","[""lexical_containment"", ""qualifier_patterns""]","run_bc54c855edc0db4b8914","true","true","broader_than","","Valid and correctly typed under the review criteria."
"relation_10b9d0e655b6552aaa6b","term_d2d3af7f0ef9a3518fdb","Direct investment","term_6c28e669b8ae9b75d28b","Direct investment liabilities (flows) - annual data, % of GDP","broader_than","0.880000","[""occ_78bbfe1602a1cdc091f9"", ""occ_89a7a5a95180008c8fb0""]","{""domain_signal"": ""same_domain"", ""embedding_similarity"": 0.756565, ""qualifier_tokens"": [""annual"", ""data"", ""flows"", ""gdp"", ""liabilities""], ""source_domain"": ""economy and finance"", ""target_domain"": ""economy and finance"", ""token_jaccard"": 0.285714}","[""lexical_containment"", ""qualifier_patterns""]","run_bc54c855edc0db4b8914","true","true","broader_than","","Valid and correctly typed under the review criteria."
"relation_13cbdfb5da3a51225934","term_27403ee3a08ef6612373","Employment, domestic concept","term_defff23a8f88d8548c58","Employment, domestic concept - annual data","broader_than","0.880000","[""occ_62004064f4061717212d"", ""occ_92d9dcb33fdc3d88e697"", ""occ_c5df37801dcfd14f0e3d""]","{""domain_signal"": ""same_domain"", ""embedding_similarity"": 0.851556, ""qualifier_tokens"": [""annual"", ""data""], ""source_domain"": ""labour market"", ""target_domain"": ""labour market"", ""token_jaccard"": 0.6}","[""lexical_containment"", ""qualifier_patterns""]","run_bc54c855edc0db4b8914","true","false","variant_of","","Valid relationship, but the proposed type should be variant_of."
"relation_159a37e44e27a3e3ffa3","term_02871a4901c6034352a8","aged 20-24","term_4ea4279567c32d7a7f9e","Young persons (aged 20-24) with at least upper secondary educational attainment level by sex","broader_than","0.880000","[""occ_aa64f9fcb3042268300e"", ""occ_f689e8036d2c3ceb179e""]","{""domain_signal"": ""same_domain"", ""embedding_similarity"": 0.831138, ""qualifier_tokens"": [""at"", ""attainment"", ""educational"", ""least"", ""level"", ""persons"", ""secondary"", ""sex"", ""upper"", ""young""], ""source_domain"": ""education"", ""target_domain"": ""education"", ""token_jaccard"": 0.230769}","[""lexical_containment"", ""qualifier_patterns""]","run_bc54c855edc0db4b8914","false","false","","classification_leakage","Age-group fragment is a dimension value, not a measure relationship."
"relation_18e8f4991ae1a37dfa5d","term_69d05ad442154c828ac3","cow's milk","term_9019e932b45d36527032","Fat contents and protein contents (cow's milk) - annual data","broader_than","0.880000","[""occ_2825b4e100df59e40a83"", ""occ_f938aa1cc9bfdb5623e7""]","{""domain_signal"": ""same_domain"", ""embedding_similarity"": 0.72072, ""qualifier_tokens"": [""annual"", ""contents"", ""data"", ""fat"", ""protein""], ""source_domain"": ""agriculture, forestry, and fisheries"", ""target_domain"": ""agriculture, forestry, and fisheries"", ""token_jaccard"": 0.375}","[""lexical_containment"", ""qualifier_patterns""]","run_bc54c855edc0db4b8914","false","false","","classification_leakage","Cow's milk is an entity/dimension fragment, not a broader measure."
"relation_1a126da08659af96ce23","term_f1a2d6019fafb3ba82b6","Employees, domestic concept","term_b701edb0b46052c894a7","Employees, domestic concept - annual data","broader_than","0.880000","[""occ_04aa77d63393e463e362"", ""occ_8bc43ede008ce19698f2""]","{""domain_signal"": ""same_domain"", ""embedding_similarity"": 0.85235, ""qualifier_tokens"": [""annual"", ""data""], ""source_domain"": ""labour market"", ""target_domain"": ""labour market"", ""token_jaccard"": 0.6}","[""lexical_containment"", ""qualifier_patterns""]","run_bc54c855edc0db4b8914","true","false","variant_of","","Valid relationship, but the proposed type should be variant_of."
"relation_df671d3e6991b274b211","term_e6b89d2f1e5126c6fdaf","Graduates at doctoral level, in science, math., computing, engineering, manufacturing, construction, by sex","term_75f99b8a1b5911e78516","Graduates at doctoral level, in science, math., computing, engineering, manufacturing, construction, by sex - per 1000 of population aged 25-34","broader_than","0.880000","[""occ_7da133760c7995fce964"", ""occ_89bd6e44d1011ded0ebb""]","{""domain_signal"": ""same_domain"", ""embedding_similarity"": 0.909266, ""qualifier_tokens"": [""1000"", ""25"", ""34"", ""aged"", ""per"", ""population""], ""source_domain"": ""education"", ""target_domain"": ""education"", ""token_jaccard"": 0.647059}","[""lexical_containment"", ""qualifier_patterns""]","run_bc54c855edc0db4b8914","true","false","related_to","","Valid relationship, but the proposed type should be related_to."
"relation_42e08d8e2cfa5efe29b1","term_aa4fea535884833418db","Exports of high technology products as a share of total exports, SITC Rev. 4","term_7c9321b7c0768279ad98","Exports of high technology products as a share of total exports, SITC Rev. 4 - %","variant_of","0.860000","[""occ_5039d0b24568ab23e9f5"", ""occ_e4b72d1ca38ecb902194""]","{""domain_signal"": ""domain_weak_or_cross"", ""embedding_similarity"": 0.98409, ""source_domain"": ""cross-domain or other"", ""target_domain"": ""cross-domain or other"", ""token_jaccard"": 1.0}","[""title_family"", ""lexical_variant""]","run_bc54c855edc0db4b8914","true","true","variant_of","","Valid and correctly typed under the review criteria."
"relation_4436226f0e2e62ba37d6","term_067918968cdcc593f677","Enterprises having received orders online (at least 1%)","term_fb46bca043bcb722fea6","Enterprises having received orders online (at least 1%) - % of enterprises","variant_of","0.860000","[""occ_cae320aa52f50473cb3f"", ""occ_e50df95c42ff92e40626""]","{""domain_signal"": ""domain_weak_or_cross"", ""embedding_similarity"": 0.979746, ""source_domain"": ""cross-domain or other"", ""target_domain"": ""cross-domain or other"", ""token_jaccard"": 1.0}","[""title_family"", ""lexical_variant""]","run_bc54c855edc0db4b8914","true","true","variant_of","","Valid and correctly typed under the review criteria."
"relation_cea641bd5b34478a343a","term_b1125f8545359c90d1a5","Financial sector leverage, debt to equity, non-consolidated","term_9b2ea962ec0ca6ffa2f1","Financial sector leverage, debt to equity, non-consolidated - %","variant_of","0.860000","[""occ_3a7f449e9a498babfe45"", ""occ_cd40313044de4fa0a1b7""]","{""domain_signal"": ""domain_weak_or_cross"", ""embedding_similarity"": 0.987777, ""source_domain"": ""economy and finance"", ""target_domain"": ""cross-domain or other"", ""token_jaccard"": 1.0}","[""title_family"", ""lexical_variant""]","run_bc54c855edc0db4b8914","true","true","variant_of","","Valid and correctly typed under the review criteria."
"relation_e8ff0aa4dcd5543ab4c6","term_f1a2d6019fafb3ba82b6","Employees, domestic concept","term_27403ee3a08ef6612373","Employment, domestic concept","related_to","0.857577","[""occ_62004064f4061717212d"", ""occ_8bc43ede008ce19698f2"", ""occ_c5df37801dcfd14f0e3d""]","{""domain_signal"": ""same_domain"", ""embedding_similarity"": 0.909648, ""source_domain"": ""labour market"", ""target_domain"": ""labour market"", ""token_jaccard"": 0.5}","[""embedding_similarity"", ""domains""]","run_bc54c855edc0db4b8914","true","false","narrower_than","","Valid relationship, but the proposed type should be narrower_than."
"relation_098c1ec002db86bf97a2","term_3456ee1ef3a4b5d3e160","Causes of death, by sex","term_a328ea1f4752a941f146","Death due to suicide, by sex","related_to","0.853705","[""occ_2a6383bffb6dee3b9f42"", ""occ_c79aee8aabcf9d311bfa""]","{""domain_signal"": ""same_domain"", ""embedding_similarity"": 0.906421, ""source_domain"": ""health"", ""target_domain"": ""health"", ""token_jaccard"": 0.4}","[""embedding_similarity"", ""domains""]","run_bc54c855edc0db4b8914","true","false","broader_than","","Valid relationship, but the proposed type should be broader_than."
"relation_224f119cba468ba8ba8d","term_65be4aed5f3e86273ea9","Private sector credit flow: debt securities by sectors, consolidated - million units of national currency","term_b7e1c68944523a50df59","Private sector credit flow: debt securities by sectors, non-consolidated - million units of national currency","variant_of","0.850000","[""occ_879431835e9e32d42d24"", ""occ_f250f63f0f6b17d4bd5f""]","{""domain_signal"": ""same_domain"", ""embedding_similarity"": 0.956028, ""source_domain"": ""economy and finance"", ""target_domain"": ""economy and finance"", ""token_jaccard"": 0.923077}","[""title_family"", ""embedding_similarity""]","run_bc54c855edc0db4b8914","true","true","variant_of","","Valid and correctly typed under the review criteria."
"relation_2add50c142c5e84bf56e","term_8b82ef20d699e60fc628","Enterprises by movement of business functions from abroad and by NACE Rev.2 activity - experimental statistics","term_d9cc597214e70058633f","Enterprises by type of movement of business functions from abroad and by NACE Rev.2 activity - experimental statistics","variant_of","0.850000","[""occ_0fd74f3b10a4359ba6e1"", ""occ_be8d1eff6e19bbf20603""]","{""domain_signal"": ""same_domain"", ""embedding_similarity"": 0.99528, ""source_domain"": ""industry, trade, and services"", ""target_domain"": ""industry, trade, and services"", ""token_jaccard"": 0.923077}","[""title_family"", ""embedding_similarity""]","run_bc54c855edc0db4b8914","true","true","variant_of","","Valid and correctly typed under the review criteria."
"relation_33595d1599dd4616eae5","term_12db862d259b160b6976","At-risk-of poverty rate by household type - EU-SILC survey","term_941c1a5e68777f1c1920","At-risk-of-poverty rate of older people by sex - EU-SILC survey","related_to","0.835870","[""occ_43f9915769b58413de12"", ""occ_9a392055f664c7362be5""]","{""domain_signal"": ""same_domain"", ""embedding_similarity"": 0.891559, ""source_domain"": ""social conditions and equality"", ""target_domain"": ""social conditions and equality"", ""token_jaccard"": 0.583333}","[""embedding_similarity"", ""domains""]","run_bc54c855edc0db4b8914","true","true","related_to","","Valid and correctly typed under the review criteria."
"relation_108744705857c085e47b","term_dc581179adbd5dc16d34","Government bond yields","term_8c55204241ed0254db8b","Government bond yields - 10 years' maturity - ENP-East countries","broader_than","0.830000","[""occ_881e7244da9c673bc621"", ""occ_cd2af40298a34052be88""]","{""domain_signal"": ""same_domain"", ""embedding_similarity"": 0.802764, ""qualifier_tokens"": [""10"", ""countries"", ""east"", ""enp"", ""maturity"", ""years""], ""source_domain"": ""economy and finance"", ""target_domain"": ""economy and finance"", ""token_jaccard"": 0.333333}","[""lexical_containment"", ""qualifier_patterns""]","run_bc54c855edc0db4b8914","true","true","broader_than","","Valid and correctly typed under the review criteria."
"relation_254ecffcb1226c139dbe","term_65ebf0c0958b87bdcac8","Gross weight of goods handled","term_ab5cb6d657cfb86e547d","gross weight of goods handled in each port","broader_than","0.830000","[""occ_4ca951c692f2a1c73c73"", ""occ_98d53c9cc94124f17d66""]","{""domain_signal"": ""same_domain"", ""embedding_similarity"": 0.882033, ""qualifier_tokens"": [""each"", ""port""], ""source_domain"": ""transport"", ""target_domain"": ""transport"", ""token_jaccard"": 0.666667}","[""lexical_containment"", ""qualifier_patterns""]","run_bc54c855edc0db4b8914","true","true","broader_than","","Valid and correctly typed under the review criteria."
"relation_9c94924cb254bb4d82f2","term_d5778d579a28397cff7d","NACE Rev. 2, I, 55.1","term_d1fd158d13847bfc57be","Net occupancy rate of bed-places and bedrooms in hotels and similar accommodations (NACE Rev. 2, I, 55.1) - monthly data","broader_than","0.830000","[""occ_43721312e73171a0f170"", ""occ_78837a8d013dcfcf3734""]","{""domain_signal"": ""domain_weak_or_cross"", ""embedding_similarity"": 0.690768, ""qualifier_tokens"": [""accommodations"", ""bed"", ""bedrooms"", ""data"", ""hotels"", ""monthly"", ""net"", ""occupancy"", ""places"", ""rate"", ""similar""], ""source_domain"": ""cross-domain or other"", ""target_domain"": ""cross-domain or other"", ""token_jaccard"": 0.352941}","[""lexical_containment"", ""qualifier_patterns""]","run_bc54c855edc0db4b8914","false","false","","classification_leakage","NACE code is a classification fragment, not a measure."
"relation_db053fbef5b35b1119f3","term_115b5c9878c65bea4f1e","Housing cost overburden rate","term_ce6acb5890a7891864e9","Housing cost overburden rate by sex - EU-SILC survey","broader_than","0.830000","[""occ_c10fcd1b04d20515c0e4"", ""occ_dc809bf1f9bd92d693ab""]","{""domain_signal"": ""domain_weak_or_cross"", ""embedding_similarity"": 0.828796, ""qualifier_tokens"": [""eu"", ""sex"", ""silc"", ""survey""], ""source_domain"": ""cross-domain or other"", ""target_domain"": ""cross-domain or other"", ""token_jaccard"": 0.5}","[""lexical_containment"", ""qualifier_patterns""]","run_bc54c855edc0db4b8914","true","true","broader_than","","Valid and correctly typed under the review criteria."
"relation_39284636d006c74fbec0","term_f25b3958d6da1017e631","Production in construction","term_6065d4f8545e2fd54fdf","Production in industry","related_to","0.810061","[""occ_0582e216cc81ac6e091c"", ""occ_2505872b94f00d1af276"", ""occ_506e746539c1a033783c"", ""occ_7f7ffa392eaf1739875b"", ""occ_8eadad825fab8559cd7a"", ""occ_955dc221d744c8cd1885"", ""occ_975959c70ce199866dd0"", ""occ_f2c47c6402789524b76f""]","{""domain_signal"": ""same_domain"", ""embedding_similarity"": 0.870051, ""source_domain"": ""industry, trade, and services"", ""target_domain"": ""industry, trade, and services"", ""token_jaccard"": 0.333333}","[""embedding_similarity"", ""domains""]","run_bc54c855edc0db4b8914","true","true","related_to","","Valid and correctly typed under the review criteria."
"relation_85a6ce46c540c5f51402","term_2a0f787fbd72a2d7c3e7","Generation of waste by households - ENP-South countries","term_537acf0f3441c881cfd4","Municipal waste per inhabitant - ENP-South countries","related_to","0.801241","[""occ_5e5cf0cc1d1227a2d7f0"", ""occ_fa2b71f237289f4bc4e4""]","{""domain_signal"": ""same_domain"", ""embedding_similarity"": 0.862701, ""source_domain"": ""environment and energy"", ""target_domain"": ""environment and energy"", ""token_jaccard"": 0.444444}","[""embedding_similarity"", ""domains""]","run_bc54c855edc0db4b8914","true","true","related_to","","Valid and correctly typed under the review criteria."
"relation_65ad48a1fede8eb44344","term_fcc7e728e74e3059ea93","Participation in any learning activities by degree of urbanisation","term_02fd946a4112ad14ed99","Participation in informal learning by degree of urbanisation","related_to","0.799305","[""occ_414dcea73aece9147b76"", ""occ_79f0bb64f8c607d9c896""]","{""domain_signal"": ""same_domain"", ""embedding_similarity"": 0.861087, ""source_domain"": ""education"", ""target_domain"": ""education"", ""token_jaccard"": 0.571429}","[""embedding_similarity"", ""domains""]","run_bc54c855edc0db4b8914","true","false","broader_than","","Valid relationship, but the proposed type should be broader_than."
"relation_84ea2a1f9300ff79f6a4","term_c9272e2765f8365ff80d","Housing cost overburden rate by poverty status - EU-SILC survey","term_65b7a817742d84dc8b39","Overcrowding rate by poverty status - population without single-person households - EU-SILC survey","related_to","0.788826","[""occ_77fbbed1c7fa23091351"", ""occ_dab4277f2626af5c6a07""]","{""domain_signal"": ""domain_weak_or_cross"", ""embedding_similarity"": 0.894021, ""source_domain"": ""cross-domain or other"", ""target_domain"": ""cross-domain or other"", ""token_jaccard"": 0.4}","[""embedding_similarity"", ""domains""]","run_bc54c855edc0db4b8914","true","true","related_to","","Valid and correctly typed under the review criteria."
"relation_3a7fdd8e9ae15c0190d7","term_d64ec63afdd40c26b939","ports","term_f05dc66b43a245fd67c2","gross weight of goods transported to/from main ports","broader_than","0.780000","[""occ_3c8c1b4a5f92883b3fa2"", ""occ_709f802b07e49dbe5f90""]","{""domain_signal"": ""domain_weak_or_cross"", ""embedding_similarity"": 0.692667, ""qualifier_tokens"": [""from"", ""goods"", ""gross"", ""main"", ""transported"", ""weight""], ""source_domain"": ""transport"", ""target_domain"": ""cross-domain or other"", ""token_jaccard"": 0.142857}","[""lexical_containment"", ""qualifier_patterns""]","run_bc54c855edc0db4b8914","false","false","","classification_leakage","Ports is an entity/dimension fragment, not a broader measure."
"relation_c6a6b42e15cdf3cbc73b","term_d64ec63afdd40c26b939","ports","term_cb5acf0784b47db0c86b","Top 5 ports for liquid bulk - gross weight of liquid bulk goods handled in each port","broader_than","0.780000","[""occ_709f802b07e49dbe5f90"", ""occ_912fa185df7a563b2537""]","{""domain_signal"": ""domain_weak_or_cross"", ""embedding_similarity"": 0.67453, ""qualifier_tokens"": [""5"", ""bulk"", ""each"", ""goods"", ""gross"", ""handled"", ""liquid"", ""port"", ""top"", ""weight""], ""source_domain"": ""cross-domain or other"", ""target_domain"": ""transport"", ""token_jaccard"": 0.090909}","[""lexical_containment"", ""qualifier_patterns""]","run_bc54c855edc0db4b8914","false","false","","classification_leakage","Ports is an entity/dimension fragment, not a broader measure."
"relation_50436fe3cf3270f82112","term_c00e3cbf486f8e4d5397","Dispersion around the at-risk-of-poverty threshold for elderly people","term_749d1a6aace9f2d46f35","Persistent at-risk-of poverty rate by age group","related_to","0.760616","[""occ_4c4c5a8bd3c52fb9e05e"", ""occ_7f70712fce35c7aa215a""]","{""domain_signal"": ""same_domain"", ""embedding_similarity"": 0.828847, ""source_domain"": ""social conditions and equality"", ""target_domain"": ""social conditions and equality"", ""token_jaccard"": 0.25}","[""embedding_similarity"", ""domains""]","run_bc54c855edc0db4b8914","true","true","related_to","","Valid and correctly typed under the review criteria."
"relation_9b3039225083d01af5bd","term_941c1a5e68777f1c1920","At-risk-of-poverty rate of older people by sex - EU-SILC survey","term_4ed0dcb07fce1bec573c","Persistent at-risk-of poverty rate by sex","related_to","0.755358","[""occ_43f9915769b58413de12"", ""occ_880dce06d5e864bb5b3c""]","{""domain_signal"": ""same_domain"", ""embedding_similarity"": 0.824465, ""source_domain"": ""social conditions and equality"", ""target_domain"": ""social conditions and equality"", ""token_jaccard"": 0.454545}","[""embedding_similarity"", ""domains""]","run_bc54c855edc0db4b8914","true","true","related_to","","Valid and correctly typed under the review criteria."
"relation_8c824f56523c99634b91","term_44a917318196884dfd5f","Mean annual earnings by NUTS 1 region (enterprises with 10 employees or more) - NACE Rev. 1.1, C-O excluding L","term_8b9cf20ca850b997c677","Monthly earnings by economic control (enterprises with 10 employed persons or more) - NACE Rev. 1.1, C-O excluding L","related_to","0.746076","[""occ_0245fc45fc2f9aaa7e55"", ""occ_b28110e77cff342b89ac""]","{""domain_signal"": ""domain_weak_or_cross"", ""embedding_similarity"": 0.858397, ""source_domain"": ""cross-domain or other"", ""target_domain"": ""cross-domain or other"", ""token_jaccard"": 0.545455}","[""embedding_similarity"", ""domains""]","run_bc54c855edc0db4b8914","true","true","related_to","","Valid and correctly typed under the review criteria."
"relation_53bd8288b05662543089","term_675346f52e1bfda71a21","Production in industry - manufacturing","term_84eeb94c45bbd41c0060","Production in industry - total (excluding construction)","related_to","0.734477","[""occ_2f97cf018f41054e5201"", ""occ_c2bde9cf91cd5f25b957""]","{""domain_signal"": ""domain_weak_or_cross"", ""embedding_similarity"": 0.84873, ""source_domain"": ""industry, trade, and services"", ""target_domain"": ""cross-domain or other"", ""token_jaccard"": 0.333333}","[""embedding_similarity"", ""domains""]","run_bc54c855edc0db4b8914","true","false","narrower_than","","Valid relationship, but the proposed type should be narrower_than."
"relation_7f885c582e58e371a4e3","term_5cdd46954bb17460a674","Activity rates (aged 15-64) by sex - ENP-South countries","term_795d9ad98feaa090e492","Employment and employment rates (aged 20-64) by sex - ENP-East countries","related_to","0.724072","[""occ_8bf2b04420367c1ebae4"", ""occ_b7046a1bd79da4129e9f""]","{""domain_signal"": ""domain_weak_or_cross"", ""embedding_similarity"": 0.84006, ""source_domain"": ""cross-domain or other"", ""target_domain"": ""cross-domain or other"", ""token_jaccard"": 0.5}","[""embedding_similarity"", ""domains""]","run_bc54c855edc0db4b8914","true","true","related_to","","Valid and correctly typed under the review criteria."
"relation_0237c8da60989d80d16d","term_0b214cfd73ab25abb7b2","Air passenger transport","term_39de1f14cd5fe4b343a1","Freight and mail air transport (including national transport)","related_to","0.721212","[""occ_dbe8630067864741131e"", ""occ_e90db48686abc5990769""]","{""domain_signal"": ""same_domain"", ""embedding_similarity"": 0.79601, ""source_domain"": ""transport"", ""target_domain"": ""transport"", ""token_jaccard"": 0.285714}","[""embedding_similarity"", ""domains""]","run_bc54c855edc0db4b8914","true","true","related_to","","Valid and correctly typed under the review criteria."
"relation_7e3c38db2d7407cf279b","term_c09913cf45bdb5830bad","Graduates at doctoral level by sex and age groups - per 1000 of population aged 25-34","term_2bc18f78c89d4d2ce3fe","Population (aged 30-34) who completed tertiary or equivalent education - ENP-East countries","related_to","0.703747","[""occ_4f06b1d80d8635ed26de"", ""occ_c046a9ee53280a757c36""]","{""domain_signal"": ""same_domain"", ""embedding_similarity"": 0.781456, ""source_domain"": ""education"", ""target_domain"": ""education"", ""token_jaccard"": 0.130435}","[""embedding_similarity"", ""domains""]","run_bc54c855edc0db4b8914","true","true","related_to","","Valid and correctly typed under the review criteria."
"relation_21ee5604667aa2c17ffa","term_993da552a6a30c796cd7","Housing deprivation rate by number of item - EU-SILC survey","term_1406e6db0d2dd0703c65","Median of the housing cost burden distribution by sex - EU-SILC survey","related_to","0.702688","[""occ_359ec9f302e586a8172d"", ""occ_3eb886e959d08e0a1241""]","{""domain_signal"": ""domain_weak_or_cross"", ""embedding_similarity"": 0.82224, ""source_domain"": ""cross-domain or other"", ""target_domain"": ""cross-domain or other"", ""token_jaccard"": 0.307692}","[""embedding_similarity"", ""domains""]","run_bc54c855edc0db4b8914","true","true","related_to","","Valid and correctly typed under the review criteria."
"relation_d05056b4d48d64022176","term_5d15f86820abe8101fbe","At-risk-of-poverty rate of elderly people by tenure status - EU-SILC survey","term_47db73dc98f6f9af8b90","Overcrowding rate by tenure status - EU-SILC survey","related_to","0.702558","[""occ_37a6e63f9343c0f09676"", ""occ_602332f33fab21c70478""]","{""domain_signal"": ""domain_weak_or_cross"", ""embedding_similarity"": 0.822131, ""source_domain"": ""social conditions and equality"", ""target_domain"": ""cross-domain or other"", ""token_jaccard"": 0.5}","[""embedding_similarity"", ""domains""]","run_bc54c855edc0db4b8914","true","true","related_to","","Valid and correctly typed under the review criteria."
"relation_19d5e648093dad13e893","term_42128cdf86c806880ec1","Livestock - ENP-South countries","term_ffdf411f32f95aa61bdd","Tourism infrastructure - ENP-South countries","related_to","0.677104","[""occ_6fed8d69760a8d465e92"", ""occ_d7c36946e92d25bab3fc""]","{""domain_signal"": ""domain_weak_or_cross"", ""embedding_similarity"": 0.80092, ""source_domain"": ""agriculture, forestry, and fisheries"", ""target_domain"": ""cross-domain or other"", ""token_jaccard"": 0.5}","[""embedding_similarity"", ""domains""]","run_bc54c855edc0db4b8914","true","true","related_to","","Valid and correctly typed under the review criteria."
"relation_db6cef541f613ed7cc6c","term_3a5c25e4a8f2ee67c2b2","Labour productivity per hour worked - annual data","term_69b576171d4d2c819645","Unit labour cost performance related to the euro area - annual data","related_to","0.675912","[""occ_07ef7cf43c9ba04c20b5"", ""occ_2a25b9e833fec003067f""]","{""domain_signal"": ""domain_weak_or_cross"", ""embedding_similarity"": 0.799926, ""source_domain"": ""labour market"", ""target_domain"": ""cross-domain or other"", ""token_jaccard"": 0.230769}","[""embedding_similarity"", ""domains""]","run_bc54c855edc0db4b8914","true","true","related_to","","Valid and correctly typed under the review criteria."
"relation_f9be59e2bcf86e99a858","term_51ed3941228748ad9c32","Domestic industrial production price index","term_86c6296d5245a05d0ec6","Industrial and construction production volume index","related_to","0.670299","[""occ_3746bae270ac5755e279"", ""occ_696ac66ec8d0cd2f6edd""]","{""domain_signal"": ""domain_weak_or_cross"", ""embedding_similarity"": 0.79525, ""source_domain"": ""economy and finance"", ""target_domain"": ""cross-domain or other"", ""token_jaccard"": 0.428571}","[""embedding_similarity"", ""domains""]","run_bc54c855edc0db4b8914","true","true","related_to","","Valid and correctly typed under the review criteria."
"relation_5579fa734624c24230a9","term_ca743b9337ba4d9b8d54","Employment","term_1e8ca72b60503f2aaf2a","Newly employed","related_to","0.661285","[""occ_2cbae338260fd29b1655"", ""occ_4007880b3f83e7e147d6""]","{""domain_signal"": ""domain_weak_or_cross"", ""embedding_similarity"": 0.787737, ""source_domain"": ""cross-domain or other"", ""target_domain"": ""cross-domain or other"", ""token_jaccard"": 0.0}","[""embedding_similarity"", ""domains""]","run_bc54c855edc0db4b8914","true","false","broader_than","","Valid relationship, but the proposed type should be broader_than."
"relation_65c3c1317d48bd1c9c0e","term_577b998e77e6ecacb649","Gini coefficient of equivalised disposable income by age","term_fc07b47631d01b3c08c3","Gini coefficient on household population","related_to","0.661280","[""occ_009719c8e9a730ada7d2"", ""occ_51b2068453d268213386""]","{""domain_signal"": ""domain_weak_or_cross"", ""embedding_similarity"": 0.787734, ""source_domain"": ""cross-domain or other"", ""target_domain"": ""cross-domain or other"", ""token_jaccard"": 0.25}","[""embedding_similarity"", ""domains""]","run_bc54c855edc0db4b8914","true","true","related_to","","Valid and correctly typed under the review criteria."
"relation_23413ecce3389543968d","term_aecb492ff206f32a2040","At-risk-of poverty rate by household type","term_6344e0456def1c9ee015","At-risk-of poverty rate for children by citizenship of their parents (population aged 0 to 17)","related_to","0.658241","[""occ_dec4a91b70dd38ca7c7f"", ""occ_f53388b83b08b96d850b""]","{""domain_signal"": ""domain_weak_or_cross"", ""embedding_similarity"": 0.785201, ""source_domain"": ""social conditions and equality"", ""target_domain"": ""cross-domain or other"", ""token_jaccard"": 0.285714}","[""embedding_similarity"", ""domains""]","run_bc54c855edc0db4b8914","true","true","related_to","","Valid and correctly typed under the review criteria."
"relation_bb7d2e24a8cc51a70f08","term_38c663b569ebe677c2d6","Gross value added of the agricultural industry","term_9bcd4b391a70ebb8d94e","Producer price indices, total agricultural production","related_to","0.656029","[""occ_32c188c3ed6692705634"", ""occ_552af311124e7dd1974a""]","{""domain_signal"": ""domain_weak_or_cross"", ""embedding_similarity"": 0.783358, ""source_domain"": ""cross-domain or other"", ""target_domain"": ""cross-domain or other"", ""token_jaccard"": 0.1}","[""embedding_similarity"", ""domains""]","run_bc54c855edc0db4b8914","true","true","related_to","","Valid and correctly typed under the review criteria."
"relation_a85fab1a9576735541a3","term_9ad401d4f5cd17647d43","Ever-working women who have experienced sexual harassment at work, by person/support service to whom violence was reported during last year","term_85c7eaf55c17e30704ca","Women who have experienced violence by any perpetrator, by occurrence of the last episode","related_to","0.655587","[""occ_7e63911771e68c31fec4"", ""occ_c7e604d2320a74f5b9f1""]","{""domain_signal"": ""domain_weak_or_cross"", ""embedding_similarity"": 0.782989, ""source_domain"": ""cross-domain or other"", ""target_domain"": ""cross-domain or other"", ""token_jaccard"": 0.25}","[""embedding_similarity"", ""domains""]","run_bc54c855edc0db4b8914","true","true","related_to","","Valid and correctly typed under the review criteria."
"relation_22408e07e579da6d3f55","term_00b72c6e5deff8c38d7c","Death due to diseases of the nervous system, by sex","term_fb4a688b93dbe8d65e06","Work-related health problems in, by sex","related_to","0.618244","[""occ_0a8fffde563c1fc91b40"", ""occ_45ebf642021871edc490""]","{""domain_signal"": ""same_domain"", ""embedding_similarity"": 0.77687, ""source_domain"": ""health"", ""target_domain"": ""health"", ""token_jaccard"": 0.1}","[""embedding_similarity"", ""domains""]","run_bc54c855edc0db4b8914","false","false","","domain_only_similarity","Both concern health and use a sex breakdown, but the measured phenomena are not usefully related."
"relation_65b1027e2e4e6577cf27","term_f59846cd93a1b61f0bba","Pupils and students enrolled by education level","term_56b4c088a0be47482038","Pupils from age 5 to the starting age of compulsory education at primary level by sex - % of the population of the corresponding age","related_to","0.592127","[""occ_7a1b25e0019bce4a3ae6"", ""occ_ab2ce59e85875caf6627""]","{""domain_signal"": ""same_domain"", ""embedding_similarity"": 0.755105, ""source_domain"": ""education"", ""target_domain"": ""education"", ""token_jaccard"": 0.2}","[""embedding_similarity"", ""domains""]","run_bc54c855edc0db4b8914","true","false","broader_than","","Valid relationship, but the proposed type should be broader_than."
"relation_50ffa563be6d1dc38a6a","term_04f00f70a14af82a947d","Persons with at most lower secondary educational attainment level by age","term_99b168fc5730e52ce37d","Population (aged 25 and over) by sex and educational attainment level","related_to","0.589549","[""occ_10e7a058b0141c17afbe"", ""occ_235ba5b5b8faeb8b99bb""]","{""domain_signal"": ""same_domain"", ""embedding_similarity"": 0.752957, ""source_domain"": ""education"", ""target_domain"": ""education"", ""token_jaccard"": 0.214286}","[""embedding_similarity"", ""domains""]","run_bc54c855edc0db4b8914","true","false","narrower_than","","Valid relationship, but the proposed type should be narrower_than."
"relation_4f1cb8ebe954b6a3ce2b","term_311f1fbf45a8ad616e67","Length of rail network","term_8160cf4eef82701a1a09","Length of roads network - ENP-South countries","related_to","0.584251","[""occ_7f00012e37fd1e0d6e25"", ""occ_a9c648083ec3c9a557e9""]","{""domain_signal"": ""same_domain"", ""embedding_similarity"": 0.748543, ""source_domain"": ""transport"", ""target_domain"": ""transport"", ""token_jaccard"": 0.285714}","[""embedding_similarity"", ""domains""]","run_bc54c855edc0db4b8914","true","true","related_to","","Valid and correctly typed under the review criteria."
"relation_dff040f8ea00d8d22102","term_4d5be5b88085385db32d","House price index, deflated - annual data","term_df1fe8011f130dafc25b","value and index (=100), annual data","related_to","0.571722","[""occ_006179edda60e3227ea7"", ""occ_eded6b61ff20cd050ffb""]","{""domain_signal"": ""domain_weak_or_cross"", ""embedding_similarity"": 0.779768, ""source_domain"": ""cross-domain or other"", ""target_domain"": ""cross-domain or other"", ""token_jaccard"": 0.375}","[""embedding_similarity"", ""domains""]","run_bc54c855edc0db4b8914","false","false","","incomplete_or_generic_term","The target is a generic presentation fragment rather than a grounded measure."
"relation_f029f1cca344e186d241","term_38a4dd1719d721f6707f","Employed persons being able to influence decisions that affect their work by sex and age","term_6740e82c105d11b93340","Unemployment rates by sex and age","related_to","0.571349","[""occ_2ee9efbbdfb16480dcbb"", ""occ_2f5fd2a35ea693653fea"", ""occ_d3617d3ba4e29ddbd663""]","{""domain_signal"": ""same_domain"", ""embedding_similarity"": 0.737791, ""source_domain"": ""labour market"", ""target_domain"": ""labour market"", ""token_jaccard"": 0.142857}","[""embedding_similarity"", ""domains""]","run_bc54c855edc0db4b8914","false","false","","domain_only_similarity","Shared labour-market context and breakdown do not establish a useful measure relationship."
"relation_24ddd311caa63e392119","term_01e9da427b6abfa900c2","Import prices - intermediate goods","term_50b827507c643b26ba5d","Imports of goods - chemicals and related products","related_to","0.568994","[""occ_1ec4ba0ee6c5c1247e1e"", ""occ_e02a8309759fefd4cfb2""]","{""domain_signal"": ""conflicting_domains"", ""embedding_similarity"": 0.794161, ""source_domain"": ""economy and finance"", ""target_domain"": ""industry, trade, and services"", ""token_jaccard"": 0.125}","[""embedding_similarity"", ""domains""]","run_bc54c855edc0db4b8914","false","false","","domain_only_similarity","Shared imports vocabulary does not connect prices of intermediate goods to chemical import quantities."
"relation_51ff36fdbb93217b154e","term_ee63c2cf4cc03141587e","Median number of weekly hours of other types of care by age group","term_d7cdb5925f069c0cd31c","Median of the housing cost burden distribution by age group","related_to","0.568457","[""occ_2fdc5a6bf212c883b44b"", ""occ_59e796e6f1564a1a4d22""]","{""domain_signal"": ""domain_weak_or_cross"", ""embedding_similarity"": 0.777048, ""source_domain"": ""cross-domain or other"", ""target_domain"": ""cross-domain or other"", ""token_jaccard"": 0.230769}","[""embedding_similarity"", ""domains""]","run_bc54c855edc0db4b8914","false","false","","shared_breakdown_only","The pair shares median and age-group wording but measures unrelated phenomena."
"relation_ca0b753e9a5ba0a75d90","term_98ccf44d2931bdcf2215","Employment rate","term_e5193208f4bac707f414","inflation rate","related_to","0.567815","[""occ_5a5b5fd9768eeddaaeba"", ""occ_e7f7c8dd45be0d34c2ad""]","{""domain_signal"": ""domain_weak_or_cross"", ""embedding_similarity"": 0.776513, ""source_domain"": ""cross-domain or other"", ""target_domain"": ""cross-domain or other"", ""token_jaccard"": 0.333333}","[""embedding_similarity"", ""domains""]","run_bc54c855edc0db4b8914","false","false","","domain_only_similarity","Employment rate and inflation rate are unrelated measures despite both being rates."
"relation_8c0400f9922aab4eea5d","term_f76f7e4dc6c4711b0882","Length of railway lines by maximum permitted speed","term_873f41cbaf7fc28ebbaa","Trainsets and capacity by type of speed","related_to","0.566060","[""occ_5fcd8f070ffb97f48008"", ""occ_d0a1cc43671683581a45""]","{""domain_signal"": ""domain_weak_or_cross"", ""embedding_similarity"": 0.77505, ""source_domain"": ""transport"", ""target_domain"": ""cross-domain or other"", ""token_jaccard"": 0.111111}","[""embedding_similarity"", ""domains""]","run_bc54c855edc0db4b8914","true","true","related_to","","Valid and correctly typed under the review criteria."
"relation_cce6dd0fc5a5e4e36c5b","term_eab582259d286e7cd986","Distribution of population by household types","term_123862fc9616167ba725","Private households by type of housing","related_to","0.565223","[""occ_59111621d60b7054eee5"", ""occ_6834163c296d653afb05""]","{""domain_signal"": ""domain_weak_or_cross"", ""embedding_similarity"": 0.774353, ""source_domain"": ""population and demography"", ""target_domain"": ""cross-domain or other"", ""token_jaccard"": 0.0}","[""embedding_similarity"", ""domains""]","run_bc54c855edc0db4b8914","true","true","related_to","","Valid and correctly typed under the review criteria."
"relation_aab5e7a4fa3986338484","term_6e2e4c4d0b41309019a9","Crop output","term_aeaee419e62acf4048d5","Meat production","related_to","0.563134","[""occ_844b8e1ac047c2deb5a6"", ""occ_9d746a1f685e7e36c911"", ""occ_c422f466db80ab0719ac""]","{""domain_signal"": ""domain_weak_or_cross"", ""embedding_similarity"": 0.772612, ""source_domain"": ""cross-domain or other"", ""target_domain"": ""agriculture, forestry, and fisheries"", ""token_jaccard"": 0.0}","[""embedding_similarity"", ""domains""]","run_bc54c855edc0db4b8914","true","true","related_to","","Valid and correctly typed under the review criteria."
"relation_6c21f7ea00061c773f18","term_0f501f4a2588acc2b10d","Average population mid-year by sex and age group - ENP-South countries","term_aa68604b0a18d14e8f75","Total employment by age group - ENP-South countries","related_to","0.560663","[""occ_300099d7b1705677f2e5"", ""occ_44962ff2858fb0e80147""]","{""domain_signal"": ""domain_weak_or_cross"", ""embedding_similarity"": 0.770552, ""source_domain"": ""cross-domain or other"", ""target_domain"": ""cross-domain or other"", ""token_jaccard"": 0.416667}","[""embedding_similarity"", ""domains""]","run_bc54c855edc0db4b8914","true","true","related_to","","Valid and correctly typed under the review criteria."
"relation_f4487b8e13f7b97f3a99","term_88ed5c725bfb8e77ac73","Activity rates by sex and age - ENP-East countries","term_03ba207415b5f337b6b1","Literacy rate by sex and age group - ENP-South countries","related_to","0.560443","[""occ_2345011573fef5484ba4"", ""occ_61b507907af4368e67e1""]","{""domain_signal"": ""domain_weak_or_cross"", ""embedding_similarity"": 0.770369, ""source_domain"": ""labour market"", ""target_domain"": ""cross-domain or other"", ""token_jaccard"": 0.363636}","[""embedding_similarity"", ""domains""]","run_bc54c855edc0db4b8914","false","false","","shared_breakdown_or_geography","Sex, age, and ENP qualifiers drive similarity across unrelated activity and literacy measures."
"relation_2de4cc8027dc0d73a735","term_f0483572e368fe34efe5","Current account transactions - goods: credits, debits and balance","term_7f231a9b7cbedf86f343","Gross value added - NACE Rev. 2: L - current prices","related_to","0.556976","[""occ_a5bcb7bac155a6016d22"", ""occ_e20f0480fcbf2465054c""]","{""domain_signal"": ""same_domain"", ""embedding_similarity"": 0.725814, ""source_domain"": ""economy and finance"", ""target_domain"": ""economy and finance"", ""token_jaccard"": 0.066667}","[""embedding_similarity"", ""domains""]","run_bc54c855edc0db4b8914","false","false","","domain_only_similarity","Current-account goods and real-estate gross value added share only a broad economic domain."
"relation_59dea368cc433f94c55b","term_2bc18f78c89d4d2ce3fe","Population (aged 30-34) who completed tertiary or equivalent education - ENP-East countries","term_325a89c53007fd5e0f99","Pupils and students in education aged 30 and over","related_to","0.556712","[""occ_158da44833de7a199277"", ""occ_c046a9ee53280a757c36""]","{""domain_signal"": ""domain_weak_or_cross"", ""embedding_similarity"": 0.76726, ""source_domain"": ""education"", ""target_domain"": ""cross-domain or other"", ""token_jaccard"": 0.1875}","[""embedding_similarity"", ""domains""]","run_bc54c855edc0db4b8914","true","true","related_to","","Valid and correctly typed under the review criteria."
"relation_0fb5b0f02ce096da636e","term_2a0305468dfa4b8a1343","Domestic producer prices - total industry (excluding construction)","term_cec938ba052542d9d4b6","Gross domestic product at market prices by expenditure","related_to","0.556309","[""occ_67b2c991123f9cb7ec3f"", ""occ_75745eb8e8cc25b18428"", ""occ_c9bdf6f0a238fce49ff6""]","{""domain_signal"": ""domain_weak_or_cross"", ""embedding_similarity"": 0.766924, ""source_domain"": ""cross-domain or other"", ""target_domain"": ""economy and finance"", ""token_jaccard"": 0.166667}","[""embedding_similarity"", ""domains""]","run_bc54c855edc0db4b8914","false","false","","domain_only_similarity","Producer prices and GDP expenditure are distinct indicators with only broad macroeconomic proximity."
"relation_0b82872b0f6f70296ff9","term_e147987d892497288288","Gross domestic expenditure on R&D (GERD) - ENP-East countries","term_dc071a8bc9f2763851ec","Gross domestic product at market prices by expenditure - ENP-South countries","related_to","0.554483","[""occ_312376981f0edbe3d1c9"", ""occ_9b72a2919134950ae9ec""]","{""domain_signal"": ""domain_weak_or_cross"", ""embedding_similarity"": 0.765402, ""source_domain"": ""cross-domain or other"", ""target_domain"": ""economy and finance"", ""token_jaccard"": 0.357143}","[""embedding_similarity"", ""domains""]","run_bc54c855edc0db4b8914","false","false","","lexical_overlap_only","Gross domestic and expenditure wording creates similarity without a direct measure relationship."
"relation_7d028c60ce6ec37fcd21","term_583861a30c2e1c2cf03f","Average gender pension gap by age group","term_9718df264a1793a565c9","Gender employment gap, by type of employment","related_to","0.549032","[""occ_7346c78d2a0855492413"", ""occ_cc816a2af3982e2586f5""]","{""domain_signal"": ""domain_weak_or_cross"", ""embedding_similarity"": 0.76086, ""source_domain"": ""cross-domain or other"", ""target_domain"": ""cross-domain or other"", ""token_jaccard"": 0.25}","[""embedding_similarity"", ""domains""]","run_bc54c855edc0db4b8914","true","true","related_to","","Valid and correctly typed under the review criteria."
"relation_1d77553bd18025d1a12f","term_9dd5837c0cb6fabc0373","Nominal unit labour cost growth - ENP-East countries","term_69b576171d4d2c819645","Unit labour cost performance related to the euro area - annual data","related_to","0.548595","[""occ_2a25b9e833fec003067f"", ""occ_f306ff08bedab580f02a""]","{""domain_signal"": ""domain_weak_or_cross"", ""embedding_similarity"": 0.760496, ""source_domain"": ""cross-domain or other"", ""target_domain"": ""cross-domain or other"", ""token_jaccard"": 0.214286}","[""embedding_similarity"", ""domains""]","run_bc54c855edc0db4b8914","true","true","related_to","","Valid and correctly typed under the review criteria."
"relation_48fc7b3b1ec9d33a5325","term_8eb006063d765dc430d5","Perception of ever-working women as victims/non-victims of sexual harassment at work by commonness of harassment","term_af0fa9de1b9de8d297c5","Women who have experienced violence by a non-partner, by person/support service to whom violence was reported","related_to","0.545999","[""occ_499c2c124af434707b42"", ""occ_e979e9c0524656794447""]","{""domain_signal"": ""domain_weak_or_cross"", ""embedding_similarity"": 0.758332, ""source_domain"": ""cross-domain or other"", ""target_domain"": ""cross-domain or other"", ""token_jaccard"": 0.086957}","[""embedding_similarity"", ""domains""]","run_bc54c855edc0db4b8914","true","true","related_to","","Valid and correctly typed under the review criteria."
"relation_d69c5f8feaf100f8455e","term_ffaf9a30e0d7a69ee461","Gross debt-to-income ratio of households","term_97e4dea1805d898d2f8d","Proportion of dissaving households","related_to","0.544313","[""occ_15cf40bd6e30a453b23d"", ""occ_c87972f588ed094d93be""]","{""domain_signal"": ""domain_weak_or_cross"", ""embedding_similarity"": 0.756928, ""source_domain"": ""cross-domain or other"", ""target_domain"": ""cross-domain or other"", ""token_jaccard"": 0.142857}","[""embedding_similarity"", ""domains""]","run_bc54c855edc0db4b8914","true","true","related_to","","Valid and correctly typed under the review criteria."
"relation_556a70c0d998dcec6431","term_085b4561105055b4ed99","Number of airports - ENP-South countries","term_ffdf411f32f95aa61bdd","Tourism infrastructure - ENP-South countries","related_to","0.537705","[""occ_6fed8d69760a8d465e92"", ""occ_7703510f0c05bd522437""]","{""domain_signal"": ""domain_weak_or_cross"", ""embedding_similarity"": 0.751421, ""source_domain"": ""cross-domain or other"", ""target_domain"": ""cross-domain or other"", ""token_jaccard"": 0.428571}","[""embedding_similarity"", ""domains""]","run_bc54c855edc0db4b8914","true","true","related_to","","Valid and correctly typed under the review criteria."
"relation_255a8991360f2b8ac40c","term_5e969fc9f5e1ef6cef7f","Population change","term_b792bbff52c871715296","Population structure by sex","related_to","0.537501","[""occ_c604c1fb13f44e476fe5"", ""occ_d176cb1f5329753d650a""]","{""domain_signal"": ""domain_weak_or_cross"", ""embedding_similarity"": 0.751251, ""source_domain"": ""cross-domain or other"", ""target_domain"": ""cross-domain or other"", ""token_jaccard"": 0.25}","[""embedding_similarity"", ""domains""]","run_bc54c855edc0db4b8914","true","true","related_to","","Valid and correctly typed under the review criteria."
"relation_9c3c47f2247fae0437a5","term_d43ad409983010b09e28","Final energy consumption by sector - ENP-South countries","term_930c45421b51de6645cd","Gross domestic product at market prices - ENP-South countries","related_to","0.535194","[""occ_11a98767086568b7fa18"", ""occ_d1cef5211afe8298fdfe""]","{""domain_signal"": ""domain_weak_or_cross"", ""embedding_similarity"": 0.749328, ""source_domain"": ""cross-domain or other"", ""target_domain"": ""economy and finance"", ""token_jaccard"": 0.230769}","[""embedding_similarity"", ""domains""]","run_bc54c855edc0db4b8914","false","false","","shared_geography_only","The shared ENP-South qualifier does not relate energy consumption and GDP."
"relation_a703355f5a1481ee1df8","term_e147987d892497288288","Gross domestic expenditure on R&D (GERD) - ENP-East countries","term_f17f855c2456eeb7b95d","Labour productivity in GDP (constant prices) per person employed - ENP-East countries","related_to","0.533478","[""occ_312376981f0edbe3d1c9"", ""occ_8d057684200f2bb21b2c""]","{""domain_signal"": ""domain_weak_or_cross"", ""embedding_similarity"": 0.747898, ""source_domain"": ""cross-domain or other"", ""target_domain"": ""cross-domain or other"", ""token_jaccard"": 0.176471}","[""embedding_similarity"", ""domains""]","run_bc54c855edc0db4b8914","false","false","","domain_only_similarity","R&D expenditure and labour productivity are broad economic indicators without a direct typed relation."
"relation_ca37d4daf735cd2f2f8d","term_a342aeca02ad51c56be9","Available beds in hospitals by NUTS 2 region","term_dd2e70f1190d7bb6277a","Inability to afford a meal with meat, chicken, fish (or vegetarian equivalent) every second day by NUTS 2 region","related_to","0.533304","[""occ_1a5ce344a985c9dff204"", ""occ_85b4a052d3b8206c9eef""]","{""domain_signal"": ""domain_weak_or_cross"", ""embedding_similarity"": 0.747754, ""source_domain"": ""cross-domain or other"", ""target_domain"": ""cross-domain or other"", ""token_jaccard"": 0.166667}","[""embedding_similarity"", ""domains""]","run_bc54c855edc0db4b8914","false","false","","shared_geography_only","NUTS 2 region is the only substantive connection between hospital beds and food affordability."
"relation_e5440c5707546d15da31","term_2bd99ff0179a474dbcee","Individuals frequently using the internet","term_df0214be7f5473c9010f","Individuals who ordered goods or services over the internet for private use in the last year by NUTS 2 region","related_to","0.532998","[""occ_26e315e483c2cf6bf7da"", ""occ_88e2d1d330d3a5f44cf3""]","{""domain_signal"": ""domain_weak_or_cross"", ""embedding_similarity"": 0.747498, ""source_domain"": ""cross-domain or other"", ""target_domain"": ""cross-domain or other"", ""token_jaccard"": 0.117647}","[""embedding_similarity"", ""domains""]","run_bc54c855edc0db4b8914","true","true","related_to","","Valid and correctly typed under the review criteria."
"relation_0ac1600fdf5bfbebe754","term_bf6245bcd701c5b54d1d","Commercial airports by type","term_05f11b985b31b2cdc0b6","Persons employed in main airports by sex","related_to","0.527574","[""occ_96427e9667053d717789"", ""occ_fe92c9cb210e37e28251""]","{""domain_signal"": ""domain_weak_or_cross"", ""embedding_similarity"": 0.742978, ""source_domain"": ""cross-domain or other"", ""target_domain"": ""cross-domain or other"", ""token_jaccard"": 0.142857}","[""embedding_similarity"", ""domains""]","run_bc54c855edc0db4b8914","true","true","related_to","","Valid and correctly typed under the review criteria."
"relation_1ffa3451a3c2782807b8","term_5b4a11bda5ff152083c1","3-month-interest rate","term_ff6c04ce59ed3e7d2ea4","Central government bond yields - monthly data","related_to","0.523151","[""occ_3a9cacb66d29707d8d4b"", ""occ_f141a2635c9124281fb0""]","{""domain_signal"": ""domain_weak_or_cross"", ""embedding_similarity"": 0.739292, ""source_domain"": ""cross-domain or other"", ""target_domain"": ""economy and finance"", ""token_jaccard"": 0.0}","[""embedding_similarity"", ""domains""]","run_bc54c855edc0db4b8914","true","true","related_to","","Valid and correctly typed under the review criteria."
"relation_60c04c060b6f1b635fe3","term_f8c505b3f6f0c83553c4","5 years % change","term_5e969fc9f5e1ef6cef7f","Population change","related_to","0.522633","[""occ_592efdb2bece15d3bbbe"", ""occ_d176cb1f5329753d650a""]","{""domain_signal"": ""domain_weak_or_cross"", ""embedding_similarity"": 0.738861, ""source_domain"": ""cross-domain or other"", ""target_domain"": ""cross-domain or other"", ""token_jaccard"": 0.25}","[""embedding_similarity"", ""domains""]","run_bc54c855edc0db4b8914","false","false","","classification_leakage","5 years % change is a qualifier/presentation fragment, not a measure."
"relation_0907010334eeff296e46","term_dd3a04d0f30df7d40dc3","Export market shares by items - % of world total","term_5dcf9c4b56526f1ffe96","Exports of goods - other manufactured products","related_to","0.520826","[""occ_2574f3c5aef40737353d"", ""occ_ad2ddbbaf7f271e0ab5a""]","{""domain_signal"": ""domain_weak_or_cross"", ""embedding_similarity"": 0.737355, ""source_domain"": ""cross-domain or other"", ""target_domain"": ""industry, trade, and services"", ""token_jaccard"": 0.0}","[""embedding_similarity"", ""domains""]","run_bc54c855edc0db4b8914","true","true","related_to","","Valid and correctly typed under the review criteria."
"relation_8c8e625dbffeb70645ab","term_c7eb4ee64ac969738ba5","Housing units by type of building","term_9e7db1617199988ed821","Occupied conventional dwellings by presence of comfort characteristics","related_to","0.516515","[""occ_1a31323a29d0a6f5d932"", ""occ_4d55669c3a9948037132""]","{""domain_signal"": ""domain_weak_or_cross"", ""embedding_similarity"": 0.733762, ""source_domain"": ""cross-domain or other"", ""target_domain"": ""cross-domain or other"", ""token_jaccard"": 0.0}","[""embedding_similarity"", ""domains""]","run_bc54c855edc0db4b8914","true","true","related_to","","Valid and correctly typed under the review criteria."
"relation_648a8a256acd466bd522","term_00b72c6e5deff8c38d7c","Death due to diseases of the nervous system, by sex","term_b88db311b8cabc5a552e","Excess mortality by month","related_to","0.512254","[""occ_45ebf642021871edc490"", ""occ_8a9b538cf5fb343febef""]","{""domain_signal"": ""domain_weak_or_cross"", ""embedding_similarity"": 0.730212, ""source_domain"": ""health"", ""target_domain"": ""cross-domain or other"", ""token_jaccard"": 0.0}","[""embedding_similarity"", ""domains""]","run_bc54c855edc0db4b8914","true","true","related_to","","Valid and correctly typed under the review criteria."
"relation_ecba613f19a1cd4a65ac","term_dbc75d3b282f965ee8f2","long-term annual average","term_20ca9ef9e116900d5e88","Mean consumption expenditure per household and per adult equivalent","related_to","0.509303","[""occ_8dff1b6fc6344b39b8ff"", ""occ_c7459fe218580054cbea""]","{""domain_signal"": ""domain_weak_or_cross"", ""embedding_similarity"": 0.727752, ""source_domain"": ""cross-domain or other"", ""target_domain"": ""cross-domain or other"", ""token_jaccard"": 0.0}","[""embedding_similarity"", ""domains""]","run_bc54c855edc0db4b8914","false","false","","classification_leakage","Long-term annual average is a temporal/statistical qualifier, not a measure."
"relation_1d374d6b8897098ae466","term_a33c7a743a7bfcd42fd6","Prisoners by citizenship","term_c3d954caedef9cf4f3a4","Resettled persons","related_to","0.507145","[""occ_53195902f242539fe9de"", ""occ_7450802257b8dce46da3""]","{""domain_signal"": ""domain_weak_or_cross"", ""embedding_similarity"": 0.725954, ""source_domain"": ""cross-domain or other"", ""target_domain"": ""cross-domain or other"", ""token_jaccard"": 0.0}","[""embedding_similarity"", ""domains""]","run_bc54c855edc0db4b8914","false","false","","domain_only_similarity","Prisoners by citizenship and resettled persons do not form a useful measure relationship."
"relation_6a58fed2957b3abf9a56","term_b3977ea577f36c387e3f","Generation of municipal waste per capita","term_39fa469be7fec2d9cf76","m3 per capita","related_to","0.506533","[""occ_b1620ebbdc002307906b"", ""occ_d31c08300912f66fb4f4""]","{""domain_signal"": ""domain_weak_or_cross"", ""embedding_similarity"": 0.725444, ""source_domain"": ""environment and energy"", ""target_domain"": ""cross-domain or other"", ""token_jaccard"": 0.333333}","[""embedding_similarity"", ""domains""]","run_bc54c855edc0db4b8914","false","false","","classification_leakage","m3 per capita is a unit fragment, not a measure."
